<!DOCTYPE suite SYSTEM "http://testng.org/testng-1.0.dtd">
<suite name="Test">
    <test name="Test">
        <classes>
            <class name="parabank.tests.Register.ValidRegisterTest" />
            <class name="parabank.tests.Register.InvalidRegisterTest" />
            <class name="parabank.tests.LoginAndLogout.ValidLoginAndLogoutTest" />
            <class name="parabank.tests.LoginAndLogout.InvalidLoginTest" />
            <class name="parabank.tests.ForgotLoginInfoTest.InvalidFindLoginInfoTest" />
            <class name="parabank.tests.ForgotLoginInfoTest.ValidFindLoginInfoTest" />
            <class name="parabank.tests.OpenNewAccount.ValidOpenNewAccountTest" />
            <class name="parabank.tests.TransferFunds.ValidTransferTest" />
            <class name="parabank.tests.TransferFunds.InvalidTransferTest" />
            <class name="parabank.tests.BillPay.ValidBillPayTest" />
            <class name="parabank.tests.BillPay.InvalidBillPayTest" />
            <class name="parabank.tests.FindTransactions.ValidFindingTransactionsTest" />
            <class name="parabank.tests.FindTransactions.InvalidFindingTransactionsTest" />
            <class name="parabank.tests.UpdateContactInfo.ValidUpdateContactInfoTest" />
            <class name="parabank.tests.UpdateContactInfo.InvalidUpdateContactInfoTest" />
            <class name="parabank.tests.RequestLoan.ValidRequestLoanTest" />
            <class name="parabank.tests.RequestLoan.InvalidRequestLoanTest" />
        </classes>
    </test>
</suite>